Number of Files,MSE,Name
1,-2.489767670712189,La Fleur et al
1,-3.3904924684231257,Urtecho et al
1,-1.4781607395953251,Hossain et al
1,-0.9874394317264904,Yu et al
1,-2.4468590673323964,Lagator et al 36N
1,-2.001166820887129,Lagator et al Pl
1,-2.913396148911492,Lagator et al Pr
1,-0.9599537911000197,Anderson et al
1,-3.88819973509228,De Novo Designs
2,-3.175351374795188,"La Fleur et al, Urtecho et al"
2,-2.57176960055344,"La Fleur et al, Hossain et al"
2,-3.890851595930075,"La Fleur et al, Yu et al"
2,-4.059213377974736,"La Fleur et al, Lagator et al 36N"
2,-3.626713564651122,"La Fleur et al, Lagator et al Pl"
2,-3.648489448143343,"La Fleur et al, Lagator et al Pr"
2,-2.437160725006704,"La Fleur et al, Anderson et al"
2,-3.232031723146771,"La Fleur et al, De Novo Designs"
2,-3.9396665480273763,"Urtecho et al, Hossain et al"
2,-3.5579845262524428,"Urtecho et al, Yu et al"
2,-4.0163765871967385,"Urtecho et al, Lagator et al 36N"
2,-3.98466129285553,"Urtecho et al, Lagator et al Pl"
2,-4.595244883349946,"Urtecho et al, Lagator et al Pr"
2,-3.386868408699438,"Urtecho et al, Anderson et al"
2,-3.6052190058422107,"Urtecho et al, De Novo Designs"
2,-2.4506190865180812,"Hossain et al, Yu et al"
2,-2.8927073942678225,"Hossain et al, Lagator et al 36N"
2,-3.2734573166358842,"Hossain et al, Lagator et al Pl"
2,-2.8073097294913145,"Hossain et al, Lagator et al Pr"
2,-1.6141860824036978,"Hossain et al, Anderson et al"
2,-3.326200504465928,"Hossain et al, De Novo Designs"
2,-3.3374755670931413,"Yu et al, Lagator et al 36N"
2,-2.566034907454888,"Yu et al, Lagator et al Pl"
2,-3.657003458159691,"Yu et al, Lagator et al Pr"
2,-1.7098364633302359,"Yu et al, Anderson et al"
2,-2.9886024224684387,"Yu et al, De Novo Designs"
2,-3.2900562051944786,"Lagator et al 36N, Lagator et al Pl"
2,-3.717661277950735,"Lagator et al 36N, Lagator et al Pr"
2,-2.355772483214739,"Lagator et al 36N, Anderson et al"
2,-3.1435651635129003,"Lagator et al 36N, De Novo Designs"
2,-3.2621163120159626,"Lagator et al Pl, Lagator et al Pr"
2,-2.309440331517886,"Lagator et al Pl, Anderson et al"
2,-3.076815913191482,"Lagator et al Pl, De Novo Designs"
2,-2.4662375807279777,"Lagator et al Pr, Anderson et al"
2,-3.396874917272733,"Lagator et al Pr, De Novo Designs"
2,-3.480508960186912,"Anderson et al, De Novo Designs"
3,-5.557552221552308,"La Fleur et al, Urtecho et al, Hossain et al"
3,-3.377613129584493,"La Fleur et al, Urtecho et al, Yu et al"
3,-4.452574795414565,"La Fleur et al, Urtecho et al, Lagator et al 36N"
3,-4.223521872483707,"La Fleur et al, Urtecho et al, Lagator et al Pl"
3,-4.471702776339989,"La Fleur et al, Urtecho et al, Lagator et al Pr"
3,-3.266289151734899,"La Fleur et al, Urtecho et al, Anderson et al"
3,-3.4976742464663766,"La Fleur et al, Urtecho et al, De Novo Designs"
3,-4.228424868406659,"La Fleur et al, Hossain et al, Yu et al"
3,-3.6661480203878143,"La Fleur et al, Hossain et al, Lagator et al 36N"
3,-4.04166828111846,"La Fleur et al, Hossain et al, Lagator et al Pl"
3,-3.7299774599524116,"La Fleur et al, Hossain et al, Lagator et al Pr"
3,-2.489153246048189,"La Fleur et al, Hossain et al, Anderson et al"
3,-2.9723552532472475,"La Fleur et al, Hossain et al, De Novo Designs"
3,-4.154145976765649,"La Fleur et al, Yu et al, Lagator et al 36N"
3,-3.9956752184876287,"La Fleur et al, Yu et al, Lagator et al Pl"
3,-4.221056684112714,"La Fleur et al, Yu et al, Lagator et al Pr"
3,-4.046645114788683,"La Fleur et al, Yu et al, Anderson et al"
3,-3.886729865223476,"La Fleur et al, Yu et al, De Novo Designs"
3,-4.1059969320180745,"La Fleur et al, Lagator et al 36N, Lagator et al Pl"
3,-4.1545707006881365,"La Fleur et al, Lagator et al 36N, Lagator et al Pr"
3,-4.026293992257391,"La Fleur et al, Lagator et al 36N, Anderson et al"
3,-3.7345966365472147,"La Fleur et al, Lagator et al 36N, De Novo Designs"
3,-3.84156061612984,"La Fleur et al, Lagator et al Pl, Lagator et al Pr"
3,-4.212204438668358,"La Fleur et al, Lagator et al Pl, Anderson et al"
3,-3.682544204105098,"La Fleur et al, Lagator et al Pl, De Novo Designs"
3,-3.9664569728169123,"La Fleur et al, Lagator et al Pr, Anderson et al"
3,-4.054251702894487,"La Fleur et al, Lagator et al Pr, De Novo Designs"
3,-3.2350592087014163,"La Fleur et al, Anderson et al, De Novo Designs"
3,-3.785865212178245,"Urtecho et al, Hossain et al, Yu et al"
3,-4.252823074933753,"Urtecho et al, Hossain et al, Lagator et al 36N"
3,-4.149645084551381,"Urtecho et al, Hossain et al, Lagator et al Pl"
3,-4.43733633049642,"Urtecho et al, Hossain et al, Lagator et al Pr"
3,-4.0955040080187555,"Urtecho et al, Hossain et al, Anderson et al"
3,-4.226064610356813,"Urtecho et al, Hossain et al, De Novo Designs"
3,-3.780467769135786,"Urtecho et al, Yu et al, Lagator et al 36N"
3,-4.209110850672248,"Urtecho et al, Yu et al, Lagator et al Pl"
3,-4.314895647105814,"Urtecho et al, Yu et al, Lagator et al Pr"
3,-3.6242528328104173,"Urtecho et al, Yu et al, Anderson et al"
3,-3.547107469600019,"Urtecho et al, Yu et al, De Novo Designs"
3,-4.1891958412812915,"Urtecho et al, Lagator et al 36N, Lagator et al Pl"
3,-4.898197056700515,"Urtecho et al, Lagator et al 36N, Lagator et al Pr"
3,-3.6403421761739345,"Urtecho et al, Lagator et al 36N, Anderson et al"
3,-4.1409188046528245,"Urtecho et al, Lagator et al 36N, De Novo Designs"
3,-4.16974924218579,"Urtecho et al, Lagator et al Pl, Lagator et al Pr"
3,-4.396413421155562,"Urtecho et al, Lagator et al Pl, Anderson et al"
3,-4.271034740612491,"Urtecho et al, Lagator et al Pl, De Novo Designs"
3,-4.565708698485266,"Urtecho et al, Lagator et al Pr, Anderson et al"
3,-4.575779920966946,"Urtecho et al, Lagator et al Pr, De Novo Designs"
3,-3.8409216560477035,"Urtecho et al, Anderson et al, De Novo Designs"
3,-3.107232542341455,"Hossain et al, Yu et al, Lagator et al 36N"
3,-3.241188765440225,"Hossain et al, Yu et al, Lagator et al Pl"
3,-3.3621349135940766,"Hossain et al, Yu et al, Lagator et al Pr"
3,-2.6000381113493596,"Hossain et al, Yu et al, Anderson et al"
3,-3.011739109664732,"Hossain et al, Yu et al, De Novo Designs"
3,-3.483978000566357,"Hossain et al, Lagator et al 36N, Lagator et al Pl"
3,-3.326616466439458,"Hossain et al, Lagator et al 36N, Lagator et al Pr"
3,-2.849518495268113,"Hossain et al, Lagator et al 36N, Anderson et al"
3,-3.4522697836750793,"Hossain et al, Lagator et al 36N, De Novo Designs"
3,-3.11135324889677,"Hossain et al, Lagator et al Pl, Lagator et al Pr"
3,-3.4282914165575376,"Hossain et al, Lagator et al Pl, Anderson et al"
3,-3.1815284627934868,"Hossain et al, Lagator et al Pl, De Novo Designs"
3,-3.0169447662518145,"Hossain et al, Lagator et al Pr, Anderson et al"
3,-2.987144521585632,"Hossain et al, Lagator et al Pr, De Novo Designs"
3,-2.8204664368216186,"Hossain et al, Anderson et al, De Novo Designs"
3,-3.8122997321727534,"Yu et al, Lagator et al 36N, Lagator et al Pl"
3,-3.9170598039406177,"Yu et al, Lagator et al 36N, Lagator et al Pr"
3,-3.667563623957625,"Yu et al, Lagator et al 36N, Anderson et al"
3,-3.9532007615475533,"Yu et al, Lagator et al 36N, De Novo Designs"
3,-3.7996808800436104,"Yu et al, Lagator et al Pl, Lagator et al Pr"
3,-2.90124952357274,"Yu et al, Lagator et al Pl, Anderson et al"
3,-3.2928167970331716,"Yu et al, Lagator et al Pl, De Novo Designs"
3,-3.5844929800472367,"Yu et al, Lagator et al Pr, Anderson et al"
3,-3.4948177491864825,"Yu et al, Lagator et al Pr, De Novo Designs"
3,-2.5982442567580315,"Yu et al, Anderson et al, De Novo Designs"
3,-3.6319093482478246,"Lagator et al 36N, Lagator et al Pl, Lagator et al Pr"
3,-3.353519138504821,"Lagator et al 36N, Lagator et al Pl, Anderson et al"
3,-4.065727905255133,"Lagator et al 36N, Lagator et al Pl, De Novo Designs"
3,-3.6371097713352802,"Lagator et al 36N, Lagator et al Pr, Anderson et al"
3,-3.915453845153875,"Lagator et al 36N, Lagator et al Pr, De Novo Designs"
3,-3.431210814744834,"Lagator et al 36N, Anderson et al, De Novo Designs"
3,-2.934737932875812,"Lagator et al Pl, Lagator et al Pr, Anderson et al"
3,-3.894814149315265,"Lagator et al Pl, Lagator et al Pr, De Novo Designs"
3,-3.3355655957780574,"Lagator et al Pl, Anderson et al, De Novo Designs"
3,-3.203794131932694,"Lagator et al Pr, Anderson et al, De Novo Designs"
4,-4.9002275466031975,"La Fleur et al, Urtecho et al, Hossain et al, Yu et al"
4,-5.108643175576073,"La Fleur et al, Urtecho et al, Hossain et al, Lagator et al 36N"
4,-4.896933457449617,"La Fleur et al, Urtecho et al, Hossain et al, Lagator et al Pl"
4,-5.966657428920838,"La Fleur et al, Urtecho et al, Hossain et al, Lagator et al Pr"
4,-4.21079998654174,"La Fleur et al, Urtecho et al, Hossain et al, Anderson et al"
4,-4.790251576990874,"La Fleur et al, Urtecho et al, Hossain et al, De Novo Designs"
4,-3.221156834291587,"La Fleur et al, Urtecho et al, Yu et al, Lagator et al 36N"
4,-4.217754746260172,"La Fleur et al, Urtecho et al, Yu et al, Lagator et al Pl"
4,-4.764656020092085,"La Fleur et al, Urtecho et al, Yu et al, Lagator et al Pr"
4,-3.3510003628972007,"La Fleur et al, Urtecho et al, Yu et al, Anderson et al"
4,-3.6318236292689288,"La Fleur et al, Urtecho et al, Yu et al, De Novo Designs"
4,-4.794004018875587,"La Fleur et al, Urtecho et al, Lagator et al 36N, Lagator et al Pl"
4,-4.906780082013602,"La Fleur et al, Urtecho et al, Lagator et al 36N, Lagator et al Pr"
4,-4.017356556142665,"La Fleur et al, Urtecho et al, Lagator et al 36N, Anderson et al"
4,-3.8122559851279374,"La Fleur et al, Urtecho et al, Lagator et al 36N, De Novo Designs"
4,-4.587957027350805,"La Fleur et al, Urtecho et al, Lagator et al Pl, Lagator et al Pr"
4,-3.8836790768999774,"La Fleur et al, Urtecho et al, Lagator et al Pl, Anderson et al"
4,-4.145937780392874,"La Fleur et al, Urtecho et al, Lagator et al Pl, De Novo Designs"
4,-4.763276017076394,"La Fleur et al, Urtecho et al, Lagator et al Pr, Anderson et al"
4,-4.753199514280508,"La Fleur et al, Urtecho et al, Lagator et al Pr, De Novo Designs"
4,-3.215914439713763,"La Fleur et al, Urtecho et al, Anderson et al, De Novo Designs"
4,-3.848725087408153,"La Fleur et al, Hossain et al, Yu et al, Lagator et al 36N"
4,-4.5553097646641945,"La Fleur et al, Hossain et al, Yu et al, Lagator et al Pl"
4,-4.027273491226494,"La Fleur et al, Hossain et al, Yu et al, Lagator et al Pr"
4,-3.549624261454776,"La Fleur et al, Hossain et al, Yu et al, Anderson et al"
4,-3.8762212456539724,"La Fleur et al, Hossain et al, Yu et al, De Novo Designs"
4,-3.6884896263228657,"La Fleur et al, Hossain et al, Lagator et al 36N, Lagator et al Pl"
4,-4.168097547996299,"La Fleur et al, Hossain et al, Lagator et al 36N, Lagator et al Pr"
4,-3.656716485962961,"La Fleur et al, Hossain et al, Lagator et al 36N, Anderson et al"
4,-3.390971566877841,"La Fleur et al, Hossain et al, Lagator et al 36N, De Novo Designs"
4,-3.7299548694006877,"La Fleur et al, Hossain et al, Lagator et al Pl, Lagator et al Pr"
4,-4.1313806408612574,"La Fleur et al, Hossain et al, Lagator et al Pl, Anderson et al"
4,-3.6918414786589797,"La Fleur et al, Hossain et al, Lagator et al Pl, De Novo Designs"
4,-3.169668174037477,"La Fleur et al, Hossain et al, Lagator et al Pr, Anderson et al"
4,-4.045770271057674,"La Fleur et al, Hossain et al, Lagator et al Pr, De Novo Designs"
4,-3.3112501647679125,"La Fleur et al, Hossain et al, Anderson et al, De Novo Designs"
4,-3.9711011392464695,"La Fleur et al, Yu et al, Lagator et al 36N, Lagator et al Pl"
4,-4.158343330180255,"La Fleur et al, Yu et al, Lagator et al 36N, Lagator et al Pr"
4,-3.939401471689535,"La Fleur et al, Yu et al, Lagator et al 36N, Anderson et al"
4,-3.9970404004647464,"La Fleur et al, Yu et al, Lagator et al 36N, De Novo Designs"
4,-4.038645866812187,"La Fleur et al, Yu et al, Lagator et al Pl, Lagator et al Pr"
4,-4.224316105905142,"La Fleur et al, Yu et al, Lagator et al Pl, Anderson et al"
4,-4.313078745837225,"La Fleur et al, Yu et al, Lagator et al Pl, De Novo Designs"
4,-4.040473256296939,"La Fleur et al, Yu et al, Lagator et al Pr, Anderson et al"
4,-4.299952798760757,"La Fleur et al, Yu et al, Lagator et al Pr, De Novo Designs"
4,-4.332421172990702,"La Fleur et al, Yu et al, Anderson et al, De Novo Designs"
4,-4.053171855873925,"La Fleur et al, Lagator et al 36N, Lagator et al Pl, Lagator et al Pr"
4,-4.259123668967004,"La Fleur et al, Lagator et al 36N, Lagator et al Pl, Anderson et al"
4,-4.008414498708551,"La Fleur et al, Lagator et al 36N, Lagator et al Pl, De Novo Designs"
4,-3.9112265985334806,"La Fleur et al, Lagator et al 36N, Lagator et al Pr, Anderson et al"
4,-3.939394580067565,"La Fleur et al, Lagator et al 36N, Lagator et al Pr, De Novo Designs"
4,-4.006841087450603,"La Fleur et al, Lagator et al 36N, Anderson et al, De Novo Designs"
4,-3.609570418571143,"La Fleur et al, Lagator et al Pl, Lagator et al Pr, Anderson et al"
4,-3.476146932266522,"La Fleur et al, Lagator et al Pl, Lagator et al Pr, De Novo Designs"
4,-3.5289150272908243,"La Fleur et al, Lagator et al Pl, Anderson et al, De Novo Designs"
4,-4.014656234852228,"La Fleur et al, Lagator et al Pr, Anderson et al, De Novo Designs"
4,-3.838472248178045,"Urtecho et al, Hossain et al, Yu et al, Lagator et al 36N"
4,-4.409396984141034,"Urtecho et al, Hossain et al, Yu et al, Lagator et al Pl"
4,-4.170169193115321,"Urtecho et al, Hossain et al, Yu et al, Lagator et al Pr"
4,-4.1633315421798,"Urtecho et al, Hossain et al, Yu et al, Anderson et al"
4,-3.875847241162547,"Urtecho et al, Hossain et al, Yu et al, De Novo Designs"
4,-4.249919208268796,"Urtecho et al, Hossain et al, Lagator et al 36N, Lagator et al Pl"
4,-4.34647638015585,"Urtecho et al, Hossain et al, Lagator et al 36N, Lagator et al Pr"
4,-4.127219183698169,"Urtecho et al, Hossain et al, Lagator et al 36N, Anderson et al"
4,-4.167148730150261,"Urtecho et al, Hossain et al, Lagator et al 36N, De Novo Designs"
4,-4.682917885636269,"Urtecho et al, Hossain et al, Lagator et al Pl, Lagator et al Pr"
4,-4.004487134955112,"Urtecho et al, Hossain et al, Lagator et al Pl, Anderson et al"
4,-4.284463979200779,"Urtecho et al, Hossain et al, Lagator et al Pl, De Novo Designs"
4,-3.854834693062188,"Urtecho et al, Hossain et al, Lagator et al Pr, Anderson et al"
4,-4.280214592236605,"Urtecho et al, Hossain et al, Lagator et al Pr, De Novo Designs"
4,-4.332988747388555,"Urtecho et al, Hossain et al, Anderson et al, De Novo Designs"
4,-4.5619779332258545,"Urtecho et al, Yu et al, Lagator et al 36N, Lagator et al Pl"
4,-4.833244840744577,"Urtecho et al, Yu et al, Lagator et al 36N, Lagator et al Pr"
4,-3.871086099755303,"Urtecho et al, Yu et al, Lagator et al 36N, Anderson et al"
4,-4.412827138213764,"Urtecho et al, Yu et al, Lagator et al 36N, De Novo Designs"
4,-4.570033049238761,"Urtecho et al, Yu et al, Lagator et al Pl, Lagator et al Pr"
4,-3.768276551429029,"Urtecho et al, Yu et al, Lagator et al Pl, Anderson et al"
4,-4.557979818621026,"Urtecho et al, Yu et al, Lagator et al Pl, De Novo Designs"
4,-4.590608783997798,"Urtecho et al, Yu et al, Lagator et al Pr, Anderson et al"
4,-4.381780110450362,"Urtecho et al, Yu et al, Lagator et al Pr, De Novo Designs"
4,-3.76463152921675,"Urtecho et al, Yu et al, Anderson et al, De Novo Designs"
4,-4.95882904030998,"Urtecho et al, Lagator et al 36N, Lagator et al Pl, Lagator et al Pr"
4,-4.490254226503737,"Urtecho et al, Lagator et al 36N, Lagator et al Pl, Anderson et al"
4,-4.788716309725876,"Urtecho et al, Lagator et al 36N, Lagator et al Pl, De Novo Designs"
4,-4.76525295195878,"Urtecho et al, Lagator et al 36N, Lagator et al Pr, Anderson et al"
4,-4.658229486127477,"Urtecho et al, Lagator et al 36N, Lagator et al Pr, De Novo Designs"
4,-4.3909745968213105,"Urtecho et al, Lagator et al 36N, Anderson et al, De Novo Designs"
4,-4.670254596223571,"Urtecho et al, Lagator et al Pl, Lagator et al Pr, Anderson et al"
4,-4.556071770694031,"Urtecho et al, Lagator et al Pl, Lagator et al Pr, De Novo Designs"
4,-4.286847937812924,"Urtecho et al, Lagator et al Pl, Anderson et al, De Novo Designs"
4,-4.4306154336504004,"Urtecho et al, Lagator et al Pr, Anderson et al, De Novo Designs"
4,-3.715460798178319,"Hossain et al, Yu et al, Lagator et al 36N, Lagator et al Pl"
4,-3.5798227795139415,"Hossain et al, Yu et al, Lagator et al 36N, Lagator et al Pr"
4,-3.3893069901265154,"Hossain et al, Yu et al, Lagator et al 36N, Anderson et al"
4,-3.6396278464399594,"Hossain et al, Yu et al, Lagator et al 36N, De Novo Designs"
4,-3.362155334490243,"Hossain et al, Yu et al, Lagator et al Pl, Lagator et al Pr"
4,-3.4941023225544092,"Hossain et al, Yu et al, Lagator et al Pl, Anderson et al"
4,-2.944837970288553,"Hossain et al, Yu et al, Lagator et al Pl, De Novo Designs"
4,-3.24460558043751,"Hossain et al, Yu et al, Lagator et al Pr, Anderson et al"
4,-3.2779138466454865,"Hossain et al, Yu et al, Lagator et al Pr, De Novo Designs"
4,-3.3312006908071874,"Hossain et al, Yu et al, Anderson et al, De Novo Designs"
4,-3.2418150276423936,"Hossain et al, Lagator et al 36N, Lagator et al Pl, Lagator et al Pr"
4,-3.5454984681499138,"Hossain et al, Lagator et al 36N, Lagator et al Pl, Anderson et al"
4,-3.537897066129759,"Hossain et al, Lagator et al 36N, Lagator et al Pl, De Novo Designs"
4,-3.1922161683423664,"Hossain et al, Lagator et al 36N, Lagator et al Pr, Anderson et al"
4,-3.440604835721122,"Hossain et al, Lagator et al 36N, Lagator et al Pr, De Novo Designs"
4,-2.9677202634487942,"Hossain et al, Lagator et al 36N, Anderson et al, De Novo Designs"
4,-3.327444757298036,"Hossain et al, Lagator et al Pl, Lagator et al Pr, Anderson et al"
4,-3.464963843926894,"Hossain et al, Lagator et al Pl, Lagator et al Pr, De Novo Designs"
4,-3.2469521222513777,"Hossain et al, Lagator et al Pl, Anderson et al, De Novo Designs"
4,-2.9232312728982706,"Hossain et al, Lagator et al Pr, Anderson et al, De Novo Designs"
4,-4.121515190391103,"Yu et al, Lagator et al 36N, Lagator et al Pl, Lagator et al Pr"
4,-3.956430464610864,"Yu et al, Lagator et al 36N, Lagator et al Pl, Anderson et al"
4,-4.147317188410658,"Yu et al, Lagator et al 36N, Lagator et al Pl, De Novo Designs"
4,-3.881616406945539,"Yu et al, Lagator et al 36N, Lagator et al Pr, Anderson et al"
4,-4.054986575239467,"Yu et al, Lagator et al 36N, Lagator et al Pr, De Novo Designs"
4,-3.4250200387890444,"Yu et al, Lagator et al 36N, Anderson et al, De Novo Designs"
4,-3.6092049554320074,"Yu et al, Lagator et al Pl, Lagator et al Pr, Anderson et al"
4,-3.6730983735670844,"Yu et al, Lagator et al Pl, Lagator et al Pr, De Novo Designs"
4,-3.409074178585274,"Yu et al, Lagator et al Pl, Anderson et al, De Novo Designs"
4,-3.9057909844434473,"Yu et al, Lagator et al Pr, Anderson et al, De Novo Designs"
4,-3.8806981302917514,"Lagator et al 36N, Lagator et al Pl, Lagator et al Pr, Anderson et al"
4,-3.7933174770793134,"Lagator et al 36N, Lagator et al Pl, Lagator et al Pr, De Novo Designs"
4,-3.3153274179573815,"Lagator et al 36N, Lagator et al Pl, Anderson et al, De Novo Designs"
4,-3.885339681131435,"Lagator et al 36N, Lagator et al Pr, Anderson et al, De Novo Designs"
4,-3.6835117949990757,"Lagator et al Pl, Lagator et al Pr, Anderson et al, De Novo Designs"
5,-4.693976634922869,"La Fleur et al, Urtecho et al, Hossain et al, Yu et al, Lagator et al 36N"
5,-5.566639312602236,"La Fleur et al, Urtecho et al, Hossain et al, Yu et al, Lagator et al Pl"
5,-5.899577671401872,"La Fleur et al, Urtecho et al, Hossain et al, Yu et al, Lagator et al Pr"
5,-4.359856159160666,"La Fleur et al, Urtecho et al, Hossain et al, Yu et al, Anderson et al"
5,-4.605162478392168,"La Fleur et al, Urtecho et al, Hossain et al, Yu et al, De Novo Designs"
5,-6.164892951464964,"La Fleur et al, Urtecho et al, Hossain et al, Lagator et al 36N, Lagator et al Pl"
5,-6.060887518406736,"La Fleur et al, Urtecho et al, Hossain et al, Lagator et al 36N, Lagator et al Pr"
5,-4.917864841453809,"La Fleur et al, Urtecho et al, Hossain et al, Lagator et al 36N, Anderson et al"
5,-5.248491234983329,"La Fleur et al, Urtecho et al, Hossain et al, Lagator et al 36N, De Novo Designs"
5,-6.156335529539458,"La Fleur et al, Urtecho et al, Hossain et al, Lagator et al Pl, Lagator et al Pr"
5,-5.644520824532371,"La Fleur et al, Urtecho et al, Hossain et al, Lagator et al Pl, Anderson et al"
5,-5.390365303789183,"La Fleur et al, Urtecho et al, Hossain et al, Lagator et al Pl, De Novo Designs"
5,-5.492112434641354,"La Fleur et al, Urtecho et al, Hossain et al, Lagator et al Pr, Anderson et al"
5,-5.957734877091908,"La Fleur et al, Urtecho et al, Hossain et al, Lagator et al Pr, De Novo Designs"
5,-4.5063705146804045,"La Fleur et al, Urtecho et al, Hossain et al, Anderson et al, De Novo Designs"
5,-4.868317425491097,"La Fleur et al, Urtecho et al, Yu et al, Lagator et al 36N, Lagator et al Pl"
5,-5.018824511510743,"La Fleur et al, Urtecho et al, Yu et al, Lagator et al 36N, Lagator et al Pr"
5,-4.061943535313637,"La Fleur et al, Urtecho et al, Yu et al, Lagator et al 36N, Anderson et al"
5,-3.8672226954760145,"La Fleur et al, Urtecho et al, Yu et al, Lagator et al 36N, De Novo Designs"
5,-4.909234967096802,"La Fleur et al, Urtecho et al, Yu et al, Lagator et al Pl, Lagator et al Pr"
5,-3.8299043518370004,"La Fleur et al, Urtecho et al, Yu et al, Lagator et al Pl, Anderson et al"
5,-4.036397428117395,"La Fleur et al, Urtecho et al, Yu et al, Lagator et al Pl, De Novo Designs"
5,-3.8908706529912482,"La Fleur et al, Urtecho et al, Yu et al, Lagator et al Pr, Anderson et al"
5,-4.485438118056069,"La Fleur et al, Urtecho et al, Yu et al, Lagator et al Pr, De Novo Designs"
5,-3.490408880322762,"La Fleur et al, Urtecho et al, Yu et al, Anderson et al, De Novo Designs"
5,-4.881201275460702,"La Fleur et al, Urtecho et al, Lagator et al 36N, Lagator et al Pl, Lagator et al Pr"
5,-4.750190335406755,"La Fleur et al, Urtecho et al, Lagator et al 36N, Lagator et al Pl, Anderson et al"
5,-4.8518822169414895,"La Fleur et al, Urtecho et al, Lagator et al 36N, Lagator et al Pl, De Novo Designs"
5,-5.0674029415192585,"La Fleur et al, Urtecho et al, Lagator et al 36N, Lagator et al Pr, Anderson et al"
5,-5.087786749221841,"La Fleur et al, Urtecho et al, Lagator et al 36N, Lagator et al Pr, De Novo Designs"
5,-3.987888889579272,"La Fleur et al, Urtecho et al, Lagator et al 36N, Anderson et al, De Novo Designs"
5,-4.477563993582664,"La Fleur et al, Urtecho et al, Lagator et al Pl, Lagator et al Pr, Anderson et al"
5,-4.107990961006485,"La Fleur et al, Urtecho et al, Lagator et al Pl, Lagator et al Pr, De Novo Designs"
5,-3.9031428315366132,"La Fleur et al, Urtecho et al, Lagator et al Pl, Anderson et al, De Novo Designs"
5,-4.09522555665625,"La Fleur et al, Urtecho et al, Lagator et al Pr, Anderson et al, De Novo Designs"
5,-4.666453398907782,"La Fleur et al, Hossain et al, Yu et al, Lagator et al 36N, Lagator et al Pl"
5,-4.158085652826257,"La Fleur et al, Hossain et al, Yu et al, Lagator et al 36N, Lagator et al Pr"
5,-3.910448656186534,"La Fleur et al, Hossain et al, Yu et al, Lagator et al 36N, Anderson et al"
5,-3.517142841468351,"La Fleur et al, Hossain et al, Yu et al, Lagator et al 36N, De Novo Designs"
5,-3.7366156001515516,"La Fleur et al, Hossain et al, Yu et al, Lagator et al Pl, Lagator et al Pr"
5,-4.323410924772328,"La Fleur et al, Hossain et al, Yu et al, Lagator et al Pl, Anderson et al"
5,-4.15601865661538,"La Fleur et al, Hossain et al, Yu et al, Lagator et al Pl, De Novo Designs"
5,-3.728220724928059,"La Fleur et al, Hossain et al, Yu et al, Lagator et al Pr, Anderson et al"
5,-4.11359794946616,"La Fleur et al, Hossain et al, Yu et al, Lagator et al Pr, De Novo Designs"
5,-4.045100330793521,"La Fleur et al, Hossain et al, Yu et al, Anderson et al, De Novo Designs"
5,-4.281421086334292,"La Fleur et al, Hossain et al, Lagator et al 36N, Lagator et al Pl, Lagator et al Pr"
5,-3.821363137404895,"La Fleur et al, Hossain et al, Lagator et al 36N, Lagator et al Pl, Anderson et al"
5,-4.261817020484554,"La Fleur et al, Hossain et al, Lagator et al 36N, Lagator et al Pl, De Novo Designs"
5,-4.62560659469144,"La Fleur et al, Hossain et al, Lagator et al 36N, Lagator et al Pr, Anderson et al"
5,-3.9922861882876606,"La Fleur et al, Hossain et al, Lagator et al 36N, Lagator et al Pr, De Novo Designs"
5,-3.3043956640821,"La Fleur et al, Hossain et al, Lagator et al 36N, Anderson et al, De Novo Designs"
5,-3.608606987761392,"La Fleur et al, Hossain et al, Lagator et al Pl, Lagator et al Pr, Anderson et al"
5,-3.638961301061146,"La Fleur et al, Hossain et al, Lagator et al Pl, Lagator et al Pr, De Novo Designs"
5,-3.9619604615947392,"La Fleur et al, Hossain et al, Lagator et al Pl, Anderson et al, De Novo Designs"
5,-3.5016396743605713,"La Fleur et al, Hossain et al, Lagator et al Pr, Anderson et al, De Novo Designs"
5,-4.448898815653661,"La Fleur et al, Yu et al, Lagator et al 36N, Lagator et al Pl, Lagator et al Pr"
5,-4.275855340329258,"La Fleur et al, Yu et al, Lagator et al 36N, Lagator et al Pl, Anderson et al"
5,-4.508172017906168,"La Fleur et al, Yu et al, Lagator et al 36N, Lagator et al Pl, De Novo Designs"
5,-3.976597250254236,"La Fleur et al, Yu et al, Lagator et al 36N, Lagator et al Pr, Anderson et al"
5,-4.204225760453681,"La Fleur et al, Yu et al, Lagator et al 36N, Lagator et al Pr, De Novo Designs"
5,-3.9325478193078753,"La Fleur et al, Yu et al, Lagator et al 36N, Anderson et al, De Novo Designs"
5,-4.114707457991831,"La Fleur et al, Yu et al, Lagator et al Pl, Lagator et al Pr, Anderson et al"
5,-4.123196782040928,"La Fleur et al, Yu et al, Lagator et al Pl, Lagator et al Pr, De Novo Designs"
5,-4.230970767093504,"La Fleur et al, Yu et al, Lagator et al Pl, Anderson et al, De Novo Designs"
5,-4.2537125599718175,"La Fleur et al, Yu et al, Lagator et al Pr, Anderson et al, De Novo Designs"
5,-3.887481932410281,"La Fleur et al, Lagator et al 36N, Lagator et al Pl, Lagator et al Pr, Anderson et al"
5,-4.115764076892849,"La Fleur et al, Lagator et al 36N, Lagator et al Pl, Lagator et al Pr, De Novo Designs"
5,-4.252589224385053,"La Fleur et al, Lagator et al 36N, Lagator et al Pl, Anderson et al, De Novo Designs"
5,-4.216746658345669,"La Fleur et al, Lagator et al 36N, Lagator et al Pr, Anderson et al, De Novo Designs"
5,-3.98791240047783,"La Fleur et al, Lagator et al Pl, Lagator et al Pr, Anderson et al, De Novo Designs"
5,-4.8610170624703715,"Urtecho et al, Hossain et al, Yu et al, Lagator et al 36N, Lagator et al Pl"
5,-4.217619277081937,"Urtecho et al, Hossain et al, Yu et al, Lagator et al 36N, Lagator et al Pr"
5,-4.232538712732246,"Urtecho et al, Hossain et al, Yu et al, Lagator et al 36N, Anderson et al"
5,-3.8571260091387134,"Urtecho et al, Hossain et al, Yu et al, Lagator et al 36N, De Novo Designs"
5,-3.9570184071508434,"Urtecho et al, Hossain et al, Yu et al, Lagator et al Pl, Lagator et al Pr"
5,-4.050321764555384,"Urtecho et al, Hossain et al, Yu et al, Lagator et al Pl, Anderson et al"
5,-4.349707551292813,"Urtecho et al, Hossain et al, Yu et al, Lagator et al Pl, De Novo Designs"
5,-4.047528509756117,"Urtecho et al, Hossain et al, Yu et al, Lagator et al Pr, Anderson et al"
5,-4.1789095881105505,"Urtecho et al, Hossain et al, Yu et al, Lagator et al Pr, De Novo Designs"
5,-3.728680765812761,"Urtecho et al, Hossain et al, Yu et al, Anderson et al, De Novo Designs"
5,-4.457002645986116,"Urtecho et al, Hossain et al, Lagator et al 36N, Lagator et al Pl, Lagator et al Pr"
5,-4.498417878077226,"Urtecho et al, Hossain et al, Lagator et al 36N, Lagator et al Pl, Anderson et al"
5,-4.148751957865841,"Urtecho et al, Hossain et al, Lagator et al 36N, Lagator et al Pl, De Novo Designs"
5,-5.061583355631392,"Urtecho et al, Hossain et al, Lagator et al 36N, Lagator et al Pr, Anderson et al"
5,-4.319079401781395,"Urtecho et al, Hossain et al, Lagator et al 36N, Lagator et al Pr, De Novo Designs"
5,-3.186474184851258,"Urtecho et al, Hossain et al, Lagator et al 36N, Anderson et al, De Novo Designs"
5,-4.269437595572217,"Urtecho et al, Hossain et al, Lagator et al Pl, Lagator et al Pr, Anderson et al"
5,-4.088986648219385,"Urtecho et al, Hossain et al, Lagator et al Pl, Lagator et al Pr, De Novo Designs"
5,-3.9916975194939,"Urtecho et al, Hossain et al, Lagator et al Pl, Anderson et al, De Novo Designs"
5,-4.076137247961592,"Urtecho et al, Hossain et al, Lagator et al Pr, Anderson et al, De Novo Designs"
5,-4.703953792650857,"Urtecho et al, Yu et al, Lagator et al 36N, Lagator et al Pl, Lagator et al Pr"
5,-4.6531908141548195,"Urtecho et al, Yu et al, Lagator et al 36N, Lagator et al Pl, Anderson et al"
5,-4.677933967963563,"Urtecho et al, Yu et al, Lagator et al 36N, Lagator et al Pl, De Novo Designs"
5,-4.871878731814572,"Urtecho et al, Yu et al, Lagator et al 36N, Lagator et al Pr, Anderson et al"
5,-4.651828344218921,"Urtecho et al, Yu et al, Lagator et al 36N, Lagator et al Pr, De Novo Designs"
5,-3.963447411963789,"Urtecho et al, Yu et al, Lagator et al 36N, Anderson et al, De Novo Designs"
5,-4.308855496567805,"Urtecho et al, Yu et al, Lagator et al Pl, Lagator et al Pr, Anderson et al"
5,-4.084509097001437,"Urtecho et al, Yu et al, Lagator et al Pl, Lagator et al Pr, De Novo Designs"
5,-3.9648843393749154,"Urtecho et al, Yu et al, Lagator et al Pl, Anderson et al, De Novo Designs"
5,-4.278976752826965,"Urtecho et al, Yu et al, Lagator et al Pr, Anderson et al, De Novo Designs"
5,-5.11860434239852,"Urtecho et al, Lagator et al 36N, Lagator et al Pl, Lagator et al Pr, Anderson et al"
5,-4.60421289455379,"Urtecho et al, Lagator et al 36N, Lagator et al Pl, Lagator et al Pr, De Novo Designs"
5,-4.718835276883578,"Urtecho et al, Lagator et al 36N, Lagator et al Pl, Anderson et al, De Novo Designs"
5,-4.621350540971035,"Urtecho et al, Lagator et al 36N, Lagator et al Pr, Anderson et al, De Novo Designs"
5,-4.796214279097133,"Urtecho et al, Lagator et al Pl, Lagator et al Pr, Anderson et al, De Novo Designs"
5,-3.6691733424979622,"Hossain et al, Yu et al, Lagator et al 36N, Lagator et al Pl, Lagator et al Pr"
5,-3.4206656664085675,"Hossain et al, Yu et al, Lagator et al 36N, Lagator et al Pl, Anderson et al"
5,-3.7677723764105915,"Hossain et al, Yu et al, Lagator et al 36N, Lagator et al Pl, De Novo Designs"
5,-3.5111995840210595,"Hossain et al, Yu et al, Lagator et al 36N, Lagator et al Pr, Anderson et al"
5,-3.7469829849451677,"Hossain et al, Yu et al, Lagator et al 36N, Lagator et al Pr, De Novo Designs"
5,-3.663871213510422,"Hossain et al, Yu et al, Lagator et al 36N, Anderson et al, De Novo Designs"
5,-3.741328111362731,"Hossain et al, Yu et al, Lagator et al Pl, Lagator et al Pr, Anderson et al"
5,-3.1174225047845217,"Hossain et al, Yu et al, Lagator et al Pl, Lagator et al Pr, De Novo Designs"
5,-3.234098198505345,"Hossain et al, Yu et al, Lagator et al Pl, Anderson et al, De Novo Designs"
5,-3.5908077117671544,"Hossain et al, Yu et al, Lagator et al Pr, Anderson et al, De Novo Designs"
5,-3.1776359996844934,"Hossain et al, Lagator et al 36N, Lagator et al Pl, Lagator et al Pr, Anderson et al"
5,-3.458550452537531,"Hossain et al, Lagator et al 36N, Lagator et al Pl, Lagator et al Pr, De Novo Designs"
5,-3.499958228234683,"Hossain et al, Lagator et al 36N, Lagator et al Pl, Anderson et al, De Novo Designs"
5,-3.3728213156485536,"Hossain et al, Lagator et al 36N, Lagator et al Pr, Anderson et al, De Novo Designs"
5,-3.1647010982830865,"Hossain et al, Lagator et al Pl, Lagator et al Pr, Anderson et al, De Novo Designs"
5,-4.0589849783650545,"Yu et al, Lagator et al 36N, Lagator et al Pl, Lagator et al Pr, Anderson et al"
5,-3.8826630365600385,"Yu et al, Lagator et al 36N, Lagator et al Pl, Lagator et al Pr, De Novo Designs"
5,-3.825557741175917,"Yu et al, Lagator et al 36N, Lagator et al Pl, Anderson et al, De Novo Designs"
5,-3.8309074820355575,"Yu et al, Lagator et al 36N, Lagator et al Pr, Anderson et al, De Novo Designs"
5,-3.779603204160375,"Yu et al, Lagator et al Pl, Lagator et al Pr, Anderson et al, De Novo Designs"
5,-3.8016442596774986,"Lagator et al 36N, Lagator et al Pl, Lagator et al Pr, Anderson et al, De Novo Designs"
6,-5.664737942023979,"La Fleur et al, Urtecho et al, Hossain et al, Yu et al, Lagator et al 36N, Lagator et al Pl"
6,-6.73256708524848,"La Fleur et al, Urtecho et al, Hossain et al, Yu et al, Lagator et al 36N, Lagator et al Pr"
6,-5.13715380457461,"La Fleur et al, Urtecho et al, Hossain et al, Yu et al, Lagator et al 36N, Anderson et al"
6,-5.6755589803572875,"La Fleur et al, Urtecho et al, Hossain et al, Yu et al, Lagator et al 36N, De Novo Designs"
6,-6.480684422686865,"La Fleur et al, Urtecho et al, Hossain et al, Yu et al, Lagator et al Pl, Lagator et al Pr"
6,-5.500467715184342,"La Fleur et al, Urtecho et al, Hossain et al, Yu et al, Lagator et al Pl, Anderson et al"
6,-5.575666671034494,"La Fleur et al, Urtecho et al, Hossain et al, Yu et al, Lagator et al Pl, De Novo Designs"
6,-5.648221124700329,"La Fleur et al, Urtecho et al, Hossain et al, Yu et al, Lagator et al Pr, Anderson et al"
6,-6.0190052673581,"La Fleur et al, Urtecho et al, Hossain et al, Yu et al, Lagator et al Pr, De Novo Designs"
6,-5.381899511448993,"La Fleur et al, Urtecho et al, Hossain et al, Yu et al, Anderson et al, De Novo Designs"
6,-6.1005941221221995,"La Fleur et al, Urtecho et al, Hossain et al, Lagator et al 36N, Lagator et al Pl, Lagator et al Pr"
6,-5.742995111412729,"La Fleur et al, Urtecho et al, Hossain et al, Lagator et al 36N, Lagator et al Pl, Anderson et al"
6,-5.682266915195788,"La Fleur et al, Urtecho et al, Hossain et al, Lagator et al 36N, Lagator et al Pl, De Novo Designs"
6,-6.280476523155377,"La Fleur et al, Urtecho et al, Hossain et al, Lagator et al 36N, Lagator et al Pr, Anderson et al"
6,-6.408999193737471,"La Fleur et al, Urtecho et al, Hossain et al, Lagator et al 36N, Lagator et al Pr, De Novo Designs"
6,-4.814729208255753,"La Fleur et al, Urtecho et al, Hossain et al, Lagator et al 36N, Anderson et al, De Novo Designs"
6,-5.469659174030003,"La Fleur et al, Urtecho et al, Hossain et al, Lagator et al Pl, Lagator et al Pr, Anderson et al"
6,-5.416473127813358,"La Fleur et al, Urtecho et al, Hossain et al, Lagator et al Pl, Lagator et al Pr, De Novo Designs"
6,-4.996759561630006,"La Fleur et al, Urtecho et al, Hossain et al, Lagator et al Pl, Anderson et al, De Novo Designs"
6,-5.5688187175808395,"La Fleur et al, Urtecho et al, Hossain et al, Lagator et al Pr, Anderson et al, De Novo Designs"
6,-5.034977674554515,"La Fleur et al, Urtecho et al, Yu et al, Lagator et al 36N, Lagator et al Pl, Lagator et al Pr"
6,-4.797377620367097,"La Fleur et al, Urtecho et al, Yu et al, Lagator et al 36N, Lagator et al Pl, Anderson et al"
6,-4.811096390587229,"La Fleur et al, Urtecho et al, Yu et al, Lagator et al 36N, Lagator et al Pl, De Novo Designs"
6,-5.07593233352229,"La Fleur et al, Urtecho et al, Yu et al, Lagator et al 36N, Lagator et al Pr, Anderson et al"
6,-4.964220862275822,"La Fleur et al, Urtecho et al, Yu et al, Lagator et al 36N, Lagator et al Pr, De Novo Designs"
6,-4.350137792842593,"La Fleur et al, Urtecho et al, Yu et al, Lagator et al 36N, Anderson et al, De Novo Designs"
6,-4.649530523446527,"La Fleur et al, Urtecho et al, Yu et al, Lagator et al Pl, Lagator et al Pr, Anderson et al"
6,-4.50749293803031,"La Fleur et al, Urtecho et al, Yu et al, Lagator et al Pl, Lagator et al Pr, De Novo Designs"
6,-4.351070124771896,"La Fleur et al, Urtecho et al, Yu et al, Lagator et al Pl, Anderson et al, De Novo Designs"
6,-4.7322849036817685,"La Fleur et al, Urtecho et al, Yu et al, Lagator et al Pr, Anderson et al, De Novo Designs"
6,-4.91037020661376,"La Fleur et al, Urtecho et al, Lagator et al 36N, Lagator et al Pl, Lagator et al Pr, Anderson et al"
6,-5.159354816427134,"La Fleur et al, Urtecho et al, Lagator et al 36N, Lagator et al Pl, Lagator et al Pr, De Novo Designs"
6,-4.807129836052092,"La Fleur et al, Urtecho et al, Lagator et al 36N, Lagator et al Pl, Anderson et al, De Novo Designs"
6,-5.052906351588247,"La Fleur et al, Urtecho et al, Lagator et al 36N, Lagator et al Pr, Anderson et al, De Novo Designs"
6,-4.41907318981387,"La Fleur et al, Urtecho et al, Lagator et al Pl, Lagator et al Pr, Anderson et al, De Novo Designs"
6,-4.389114607093523,"La Fleur et al, Hossain et al, Yu et al, Lagator et al 36N, Lagator et al Pl, Lagator et al Pr"
6,-4.062972789026752,"La Fleur et al, Hossain et al, Yu et al, Lagator et al 36N, Lagator et al Pl, Anderson et al"
6,-4.146562011197021,"La Fleur et al, Hossain et al, Yu et al, Lagator et al 36N, Lagator et al Pl, De Novo Designs"
6,-4.386350585813851,"La Fleur et al, Hossain et al, Yu et al, Lagator et al 36N, Lagator et al Pr, Anderson et al"
6,-3.937593762428203,"La Fleur et al, Hossain et al, Yu et al, Lagator et al 36N, Lagator et al Pr, De Novo Designs"
6,-3.8701148295283314,"La Fleur et al, Hossain et al, Yu et al, Lagator et al 36N, Anderson et al, De Novo Designs"
6,-3.88316373426809,"La Fleur et al, Hossain et al, Yu et al, Lagator et al Pl, Lagator et al Pr, Anderson et al"
6,-3.8617148872507845,"La Fleur et al, Hossain et al, Yu et al, Lagator et al Pl, Lagator et al Pr, De Novo Designs"
6,-4.613829497190142,"La Fleur et al, Hossain et al, Yu et al, Lagator et al Pl, Anderson et al, De Novo Designs"
6,-4.0836344522666215,"La Fleur et al, Hossain et al, Yu et al, Lagator et al Pr, Anderson et al, De Novo Designs"
6,-4.022749729947542,"La Fleur et al, Hossain et al, Lagator et al 36N, Lagator et al Pl, Lagator et al Pr, Anderson et al"
6,-4.023898021962207,"La Fleur et al, Hossain et al, Lagator et al 36N, Lagator et al Pl, Lagator et al Pr, De Novo Designs"
6,-4.21312646180413,"La Fleur et al, Hossain et al, Lagator et al 36N, Lagator et al Pl, Anderson et al, De Novo Designs"
6,-3.865644871104355,"La Fleur et al, Hossain et al, Lagator et al 36N, Lagator et al Pr, Anderson et al, De Novo Designs"
6,-4.080020657034263,"La Fleur et al, Hossain et al, Lagator et al Pl, Lagator et al Pr, Anderson et al, De Novo Designs"
6,-4.204336222917591,"La Fleur et al, Yu et al, Lagator et al 36N, Lagator et al Pl, Lagator et al Pr, Anderson et al"
6,-3.958812027813924,"La Fleur et al, Yu et al, Lagator et al 36N, Lagator et al Pl, Lagator et al Pr, De Novo Designs"
6,-4.07544534272577,"La Fleur et al, Yu et al, Lagator et al 36N, Lagator et al Pl, Anderson et al, De Novo Designs"
6,-4.120687673723097,"La Fleur et al, Yu et al, Lagator et al 36N, Lagator et al Pr, Anderson et al, De Novo Designs"
6,-4.035809835002752,"La Fleur et al, Yu et al, Lagator et al Pl, Lagator et al Pr, Anderson et al, De Novo Designs"
6,-4.1528439739152265,"La Fleur et al, Lagator et al 36N, Lagator et al Pl, Lagator et al Pr, Anderson et al, De Novo Designs"
6,-4.363547452545407,"Urtecho et al, Hossain et al, Yu et al, Lagator et al 36N, Lagator et al Pl, Lagator et al Pr"
6,-4.44954409865192,"Urtecho et al, Hossain et al, Yu et al, Lagator et al 36N, Lagator et al Pl, Anderson et al"
6,-4.501597510735413,"Urtecho et al, Hossain et al, Yu et al, Lagator et al 36N, Lagator et al Pl, De Novo Designs"
6,-4.960028409492598,"Urtecho et al, Hossain et al, Yu et al, Lagator et al 36N, Lagator et al Pr, Anderson et al"
6,-4.711417135669611,"Urtecho et al, Hossain et al, Yu et al, Lagator et al 36N, Lagator et al Pr, De Novo Designs"
6,-4.077445792925941,"Urtecho et al, Hossain et al, Yu et al, Lagator et al 36N, Anderson et al, De Novo Designs"
6,-4.071275321221681,"Urtecho et al, Hossain et al, Yu et al, Lagator et al Pl, Lagator et al Pr, Anderson et al"
6,-4.323391742850382,"Urtecho et al, Hossain et al, Yu et al, Lagator et al Pl, Lagator et al Pr, De Novo Designs"
6,-4.215522699736263,"Urtecho et al, Hossain et al, Yu et al, Lagator et al Pl, Anderson et al, De Novo Designs"
6,-4.548634453290341,"Urtecho et al, Hossain et al, Yu et al, Lagator et al Pr, Anderson et al, De Novo Designs"
6,-4.562011738816152,"Urtecho et al, Hossain et al, Lagator et al 36N, Lagator et al Pl, Lagator et al Pr, Anderson et al"
6,-4.406054794316382,"Urtecho et al, Hossain et al, Lagator et al 36N, Lagator et al Pl, Lagator et al Pr, De Novo Designs"
6,-3.8640041097888447,"Urtecho et al, Hossain et al, Lagator et al 36N, Lagator et al Pl, Anderson et al, De Novo Designs"
6,-4.10240509591797,"Urtecho et al, Hossain et al, Lagator et al 36N, Lagator et al Pr, Anderson et al, De Novo Designs"
6,-4.4730847610312505,"Urtecho et al, Hossain et al, Lagator et al Pl, Lagator et al Pr, Anderson et al, De Novo Designs"
6,-5.055769380652922,"Urtecho et al, Yu et al, Lagator et al 36N, Lagator et al Pl, Lagator et al Pr, Anderson et al"
6,-4.881863788919218,"Urtecho et al, Yu et al, Lagator et al 36N, Lagator et al Pl, Lagator et al Pr, De Novo Designs"
6,-4.836730331264892,"Urtecho et al, Yu et al, Lagator et al 36N, Lagator et al Pl, Anderson et al, De Novo Designs"
6,-5.018154866947148,"Urtecho et al, Yu et al, Lagator et al 36N, Lagator et al Pr, Anderson et al, De Novo Designs"
6,-4.5666725810905495,"Urtecho et al, Yu et al, Lagator et al Pl, Lagator et al Pr, Anderson et al, De Novo Designs"
6,-4.9797236474642075,"Urtecho et al, Lagator et al 36N, Lagator et al Pl, Lagator et al Pr, Anderson et al, De Novo Designs"
6,-3.6324633206732644,"Hossain et al, Yu et al, Lagator et al 36N, Lagator et al Pl, Lagator et al Pr, Anderson et al"
6,-3.4032084366351225,"Hossain et al, Yu et al, Lagator et al 36N, Lagator et al Pl, Lagator et al Pr, De Novo Designs"
6,-3.68328564614415,"Hossain et al, Yu et al, Lagator et al 36N, Lagator et al Pl, Anderson et al, De Novo Designs"
6,-3.7373716618046737,"Hossain et al, Yu et al, Lagator et al 36N, Lagator et al Pr, Anderson et al, De Novo Designs"
6,-3.0083104250081,"Hossain et al, Yu et al, Lagator et al Pl, Lagator et al Pr, Anderson et al, De Novo Designs"
6,-3.263349102407273,"Hossain et al, Lagator et al 36N, Lagator et al Pl, Lagator et al Pr, Anderson et al, De Novo Designs"
6,-3.8134588406502297,"Yu et al, Lagator et al 36N, Lagator et al Pl, Lagator et al Pr, Anderson et al, De Novo Designs"
7,-7.204393814710521,"La Fleur et al, Urtecho et al, Hossain et al, Yu et al, Lagator et al 36N, Lagator et al Pl, Lagator et al Pr"
7,-6.305879904136501,"La Fleur et al, Urtecho et al, Hossain et al, Yu et al, Lagator et al 36N, Lagator et al Pl, Anderson et al"
7,-6.295145670394375,"La Fleur et al, Urtecho et al, Hossain et al, Yu et al, Lagator et al 36N, Lagator et al Pl, De Novo Designs"
7,-6.79181323857042,"La Fleur et al, Urtecho et al, Hossain et al, Yu et al, Lagator et al 36N, Lagator et al Pr, Anderson et al"
7,-6.71427287911602,"La Fleur et al, Urtecho et al, Hossain et al, Yu et al, Lagator et al 36N, Lagator et al Pr, De Novo Designs"
7,-4.869792324604331,"La Fleur et al, Urtecho et al, Hossain et al, Yu et al, Lagator et al 36N, Anderson et al, De Novo Designs"
7,-4.985433599906966,"La Fleur et al, Urtecho et al, Hossain et al, Yu et al, Lagator et al Pl, Lagator et al Pr, Anderson et al"
7,-6.0439973986424915,"La Fleur et al, Urtecho et al, Hossain et al, Yu et al, Lagator et al Pl, Lagator et al Pr, De Novo Designs"
7,-4.699929392571352,"La Fleur et al, Urtecho et al, Hossain et al, Yu et al, Lagator et al Pl, Anderson et al, De Novo Designs"
7,-6.269792244282985,"La Fleur et al, Urtecho et al, Hossain et al, Yu et al, Lagator et al Pr, Anderson et al, De Novo Designs"
7,-6.900800143239278,"La Fleur et al, Urtecho et al, Hossain et al, Lagator et al 36N, Lagator et al Pl, Lagator et al Pr, Anderson et al"
7,-6.863170921145717,"La Fleur et al, Urtecho et al, Hossain et al, Lagator et al 36N, Lagator et al Pl, Lagator et al Pr, De Novo Designs"
7,-6.009138954600239,"La Fleur et al, Urtecho et al, Hossain et al, Lagator et al 36N, Lagator et al Pl, Anderson et al, De Novo Designs"
7,-6.21074204673928,"La Fleur et al, Urtecho et al, Hossain et al, Lagator et al 36N, Lagator et al Pr, Anderson et al, De Novo Designs"
7,-5.9756936791042286,"La Fleur et al, Urtecho et al, Hossain et al, Lagator et al Pl, Lagator et al Pr, Anderson et al, De Novo Designs"
7,-5.28198697921589,"La Fleur et al, Urtecho et al, Yu et al, Lagator et al 36N, Lagator et al Pl, Lagator et al Pr, Anderson et al"
7,-5.042721793410598,"La Fleur et al, Urtecho et al, Yu et al, Lagator et al 36N, Lagator et al Pl, Lagator et al Pr, De Novo Designs"
7,-4.993126129613575,"La Fleur et al, Urtecho et al, Yu et al, Lagator et al 36N, Lagator et al Pl, Anderson et al, De Novo Designs"
7,-5.036127898807462,"La Fleur et al, Urtecho et al, Yu et al, Lagator et al 36N, Lagator et al Pr, Anderson et al, De Novo Designs"
7,-4.578353026906595,"La Fleur et al, Urtecho et al, Yu et al, Lagator et al Pl, Lagator et al Pr, Anderson et al, De Novo Designs"
7,-5.006670606493761,"La Fleur et al, Urtecho et al, Lagator et al 36N, Lagator et al Pl, Lagator et al Pr, Anderson et al, De Novo Designs"
7,-4.657927642641146,"La Fleur et al, Hossain et al, Yu et al, Lagator et al 36N, Lagator et al Pl, Lagator et al Pr, Anderson et al"
7,-4.196627845020925,"La Fleur et al, Hossain et al, Yu et al, Lagator et al 36N, Lagator et al Pl, Lagator et al Pr, De Novo Designs"
7,-4.641892832201634,"La Fleur et al, Hossain et al, Yu et al, Lagator et al 36N, Lagator et al Pl, Anderson et al, De Novo Designs"
7,-4.2016612374672855,"La Fleur et al, Hossain et al, Yu et al, Lagator et al 36N, Lagator et al Pr, Anderson et al, De Novo Designs"
7,-3.9175301736538857,"La Fleur et al, Hossain et al, Yu et al, Lagator et al Pl, Lagator et al Pr, Anderson et al, De Novo Designs"
7,-4.072916127600233,"La Fleur et al, Hossain et al, Lagator et al 36N, Lagator et al Pl, Lagator et al Pr, Anderson et al, De Novo Designs"
7,-4.095740679909534,"La Fleur et al, Yu et al, Lagator et al 36N, Lagator et al Pl, Lagator et al Pr, Anderson et al, De Novo Designs"
7,-4.408928925032104,"Urtecho et al, Hossain et al, Yu et al, Lagator et al 36N, Lagator et al Pl, Lagator et al Pr, Anderson et al"
7,-4.260524926912782,"Urtecho et al, Hossain et al, Yu et al, Lagator et al 36N, Lagator et al Pl, Lagator et al Pr, De Novo Designs"
7,-4.935870138018447,"Urtecho et al, Hossain et al, Yu et al, Lagator et al 36N, Lagator et al Pl, Anderson et al, De Novo Designs"
7,-4.8274710815935675,"Urtecho et al, Hossain et al, Yu et al, Lagator et al 36N, Lagator et al Pr, Anderson et al, De Novo Designs"
7,-3.9582466340616396,"Urtecho et al, Hossain et al, Yu et al, Lagator et al Pl, Lagator et al Pr, Anderson et al, De Novo Designs"
7,-4.598103586793227,"Urtecho et al, Hossain et al, Lagator et al 36N, Lagator et al Pl, Lagator et al Pr, Anderson et al, De Novo Designs"
7,-4.818447198783281,"Urtecho et al, Yu et al, Lagator et al 36N, Lagator et al Pl, Lagator et al Pr, Anderson et al, De Novo Designs"
7,-3.6703875454206076,"Hossain et al, Yu et al, Lagator et al 36N, Lagator et al Pl, Lagator et al Pr, Anderson et al, De Novo Designs"
8,-7.266315051581836,"La Fleur et al, Urtecho et al, Hossain et al, Yu et al, Lagator et al 36N, Lagator et al Pl, Lagator et al Pr, Anderson et al"
8,-7.138214091981569,"La Fleur et al, Urtecho et al, Hossain et al, Yu et al, Lagator et al 36N, Lagator et al Pl, Lagator et al Pr, De Novo Designs"
8,-6.202234764319113,"La Fleur et al, Urtecho et al, Hossain et al, Yu et al, Lagator et al 36N, Lagator et al Pl, Anderson et al, De Novo Designs"
8,-6.902921378688376,"La Fleur et al, Urtecho et al, Hossain et al, Yu et al, Lagator et al 36N, Lagator et al Pr, Anderson et al, De Novo Designs"
8,-5.886331434122841,"La Fleur et al, Urtecho et al, Hossain et al, Yu et al, Lagator et al Pl, Lagator et al Pr, Anderson et al, De Novo Designs"
8,-5.622879645941721,"La Fleur et al, Urtecho et al, Hossain et al, Lagator et al 36N, Lagator et al Pl, Lagator et al Pr, Anderson et al, De Novo Designs"
8,-5.141791201010741,"La Fleur et al, Urtecho et al, Yu et al, Lagator et al 36N, Lagator et al Pl, Lagator et al Pr, Anderson et al, De Novo Designs"
8,-4.006957619844026,"La Fleur et al, Hossain et al, Yu et al, Lagator et al 36N, Lagator et al Pl, Lagator et al Pr, Anderson et al, De Novo Designs"
8,-4.176730332290134,"Urtecho et al, Hossain et al, Yu et al, Lagator et al 36N, Lagator et al Pl, Lagator et al Pr, Anderson et al, De Novo Designs"
9,-7.268492412228805,"La Fleur et al, Urtecho et al, Hossain et al, Yu et al, Lagator et al 36N, Lagator et al Pl, Lagator et al Pr, Anderson et al, De Novo Designs"
